[{"iname": "img_1.jpg", "bbox": [28, 44, 172, 232]}, {"iname": "img_1.jpg", "bbox": [235, 186, 154, 243]}, {"iname": "img_10.jpg", "bbox": [81, 59, 76, 105]}, {"iname": "img_100.jpg", "bbox": [2, 85, 117, 162]}, {"iname": "img_100.jpg", "bbox": [148, 105, 137, 182]}, {"iname": "img_101.jpg", "bbox": [170, 159, 305, 347]}, {"iname": "img_101.jpg", "bbox": [43, 6, 295, 345]}, {"iname": "img_101.jpg", "bbox": [837, 908, 301, 334]}, {"iname": "img_101.jpg", "bbox": [835, 561, 305, 334]}, {"iname": "img_101.jpg", "bbox": [526, 908, 270, 350]}, {"iname": "img_101.jpg", "bbox": [526, 537, 270, 355]}, {"iname": "img_101.jpg", "bbox": [1193, 913, 263, 352]}, {"iname": "img_102.jpg", "bbox": [456, 909, 258, 419]}, {"iname": "img_102.jpg", "bbox": [746, 910, 250, 417]}, {"iname": "img_102.jpg", "bbox": [96, 162, 250, 407]}, {"iname": "img_102.jpg", "bbox": [12, 11, 249, 411]}, {"iname": "img_102.jpg", "bbox": [451, 536, 260, 366]}, {"iname": "img_102.jpg", "bbox": [450, 1347, 262, 348]}, {"iname": "img_102.jpg", "bbox": [750, 535, 254, 366]}, {"iname": "img_102.jpg", "bbox": [753, 1348, 257, 352]}, {"iname": "img_102.jpg", "bbox": [115, 907, 250, 427]}, {"iname": "img_103.jpg", "bbox": [148, 47, 73, 115]}, {"iname": "img_11.jpg", "bbox": [263, 60, 62, 86]}, {"iname": "img_11.jpg", "bbox": [30, 61, 63, 85]}, {"iname": "img_12.jpg", "bbox": [111, 62, 149, 218]}, {"iname": "img_12.jpg", "bbox": [23, 121, 107, 167]}, {"iname": "img_13.jpg", "bbox": [152, 56, 90, 123]}, {"iname": "img_14.jpg", "bbox": [148, 43, 67, 94]}, {"iname": "img_15.jpg", "bbox": [258, 56, 132, 181]}, {"iname": "img_16.jpg", "bbox": [161, 31, 93, 125]}, {"iname": "img_17.jpg", "bbox": [107, 56, 107, 152]}, {"iname": "img_18.jpg", "bbox": [264, 43, 70, 98]}, {"iname": "img_19.jpg", "bbox": [282, 86, 145, 182]}, {"iname": "img_19.jpg", "bbox": [26, 48, 121, 168]}, {"iname": "img_2.jpg", "bbox": [150, 222, 90, 129]}, {"iname": "img_20.jpg", "bbox": [53, 173, 94, 136]}, {"iname": "img_20.jpg", "bbox": [185, 26, 100, 147]}, {"iname": "img_21.jpg", "bbox": [144, 67, 118, 178]}, {"iname": "img_22.jpg", "bbox": [244, 11, 79, 99]}, {"iname": "img_23.jpg", "bbox": [116, 14, 53, 82]}, {"iname": "img_23.jpg", "bbox": [295, 72, 47, 63]}, {"iname": "img_24.jpg", "bbox": [76, 79, 144, 195]}, {"iname": "img_25.jpg", "bbox": [279, 19, 67, 106]}, {"iname": "img_25.jpg", "bbox": [118, 56, 69, 98]}, {"iname": "img_26.jpg", "bbox": [198, 51, 146, 200]}, {"iname": "img_27.jpg", "bbox": [88, 72, 136, 201]}, {"iname": "img_27.jpg", "bbox": [228, 115, 47, 84]}, {"iname": "img_28.jpg", "bbox": [263, 45, 148, 221]}, {"iname": "img_28.jpg", "bbox": [23, 73, 156, 201]}, {"iname": "img_29.jpg", "bbox": [122, 37, 64, 98]}, {"iname": "img_3.jpg", "bbox": [79, 88, 157, 216]}, {"iname": "img_30.jpg", "bbox": [261, 19, 70, 87]}, {"iname": "img_30.jpg", "bbox": [187, 33, 69, 98]}, {"iname": "img_31.jpg", "bbox": [110, 46, 65, 83]}, {"iname": "img_32.jpg", "bbox": [108, 73, 142, 211]}, {"iname": "img_33.jpg", "bbox": [90, 80, 85, 116]}, {"iname": "img_34.jpg", "bbox": [261, 32, 60, 83]}, {"iname": "img_34.jpg", "bbox": [55, 38, 60, 79]}, {"iname": "img_34.jpg", "bbox": [369, 29, 45, 61]}, {"iname": "img_34.jpg", "bbox": [127, 53, 33, 44]}, {"iname": "img_34.jpg", "bbox": [414, 38, 31, 42]}, {"iname": "img_34.jpg", "bbox": [193, 50, 41, 53]}, {"iname": "img_35.jpg", "bbox": [82, 178, 95, 130]}, {"iname": "img_35.jpg", "bbox": [130, 44, 81, 110]}, {"iname": "img_36.jpg", "bbox": [64, 31, 76, 97]}, {"iname": "img_37.jpg", "bbox": [54, 26, 234, 321]}, {"iname": "img_37.jpg", "bbox": [163, 142, 220, 327]}, {"iname": "img_38.jpg", "bbox": [192, 40, 69, 96]}, {"iname": "img_39.jpg", "bbox": [138, 215, 211, 250]}, {"iname": "img_39.jpg", "bbox": [41, 66, 207, 254]}, {"iname": "img_4.jpg", "bbox": [133, 56, 85, 123]}, {"iname": "img_4.jpg", "bbox": [40, 59, 93, 124]}, {"iname": "img_40.jpg", "bbox": [216, 40, 79, 99]}, {"iname": "img_41.jpg", "bbox": [171, 53, 127, 167]}, {"iname": "img_42.jpg", "bbox": [162, 44, 95, 126]}, {"iname": "img_43.jpg", "bbox": [87, 57, 86, 121]}, {"iname": "img_44.jpg", "bbox": [228, 28, 59, 73]}, {"iname": "img_44.jpg", "bbox": [0, 10, 44, 63]}, {"iname": "img_45.jpg", "bbox": [63, 78, 162, 229]}, {"iname": "img_46.jpg", "bbox": [172, 73, 73, 106]}, {"iname": "img_47.jpg", "bbox": [339, 85, 77, 106]}, {"iname": "img_47.jpg", "bbox": [50, 74, 79, 106]}, {"iname": "img_47.jpg", "bbox": [173, 31, 80, 110]}, {"iname": "img_48.jpg", "bbox": [188, 163, 70, 89]}, {"iname": "img_48.jpg", "bbox": [106, 54, 74, 98]}, {"iname": "img_48.jpg", "bbox": [232, 64, 76, 99]}, {"iname": "img_48.jpg", "bbox": [277, 164, 69, 84]}, {"iname": "img_49.jpg", "bbox": [131, 112, 155, 234]}, {"iname": "img_5.jpg", "bbox": [131, 95, 94, 125]}, {"iname": "img_50.jpg", "bbox": [55, 54, 134, 225]}, {"iname": "img_51.jpg", "bbox": [205, 76, 60, 88]}, {"iname": "img_52.jpg", "bbox": [127, 45, 113, 158]}, {"iname": "img_53.jpg", "bbox": [81, 55, 97, 139]}, {"iname": "img_54.jpg", "bbox": [126, 41, 87, 122]}, {"iname": "img_55.jpg", "bbox": [43, 56, 176, 232]}, {"iname": "img_55.jpg", "bbox": [144, 155, 168, 245]}, {"iname": "img_56.jpg", "bbox": [58, 79, 171, 227]}, {"iname": "img_56.jpg", "bbox": [151, 225, 172, 219]}, {"iname": "img_57.jpg", "bbox": [95, 164, 111, 151]}, {"iname": "img_58.jpg", "bbox": [55, 79, 203, 270]}, {"iname": "img_58.jpg", "bbox": [162, 229, 203, 270]}, {"iname": "img_59.jpg", "bbox": [233, 63, 70, 89]}, {"iname": "img_59.jpg", "bbox": [137, 30, 73, 97]}, {"iname": "img_6.jpg", "bbox": [194, 38, 69, 95]}, {"iname": "img_6.jpg", "bbox": [335, 19, 69, 97]}, {"iname": "img_6.jpg", "bbox": [291, 39, 54, 87]}, {"iname": "img_6.jpg", "bbox": [156, 62, 30, 44]}, {"iname": "img_60.jpg", "bbox": [74, 74, 218, 289]}, {"iname": "img_60.jpg", "bbox": [191, 222, 218, 293]}, {"iname": "img_61.jpg", "bbox": [292, 112, 67, 91]}, {"iname": "img_61.jpg", "bbox": [158, 50, 76, 112]}, {"iname": "img_62.jpg", "bbox": [48, 69, 179, 210]}, {"iname": "img_62.jpg", "bbox": [139, 216, 185, 209]}, {"iname": "img_63.jpg", "bbox": [120, 34, 85, 113]}, {"iname": "img_64.jpg", "bbox": [100, 73, 200, 291]}, {"iname": "img_64.jpg", "bbox": [223, 232, 199, 284]}, {"iname": "img_65.jpg", "bbox": [190, 52, 60, 87]}, {"iname": "img_66.jpg", "bbox": [160, 60, 139, 179]}, {"iname": "img_67.jpg", "bbox": [47, 6, 96, 158]}, {"iname": "img_68.jpg", "bbox": [116, 38, 93, 134]}, {"iname": "img_69.jpg", "bbox": [123, 38, 81, 106]}, {"iname": "img_7.jpg", "bbox": [54, 53, 151, 191]}, {"iname": "img_70.jpg", "bbox": [87, 56, 170, 204]}, {"iname": "img_70.jpg", "bbox": [333, 54, 71, 125]}, {"iname": "img_71.jpg", "bbox": [178, 117, 78, 107]}, {"iname": "img_72.jpg", "bbox": [129, 66, 61, 91]}, {"iname": "img_73.jpg", "bbox": [208, 109, 78, 99]}, {"iname": "img_74.jpg", "bbox": [103, 51, 124, 185]}, {"iname": "img_75.jpg", "bbox": [22, 42, 125, 176]}, {"iname": "img_75.jpg", "bbox": [264, 47, 119, 179]}, {"iname": "img_76.jpg", "bbox": [158, 52, 64, 87]}, {"iname": "img_77.jpg", "bbox": [125, 87, 126, 158]}, {"iname": "img_78.jpg", "bbox": [76, 66, 166, 234]}, {"iname": "img_79.jpg", "bbox": [109, 129, 74, 98]}, {"iname": "img_8.jpg", "bbox": [235, 85, 122, 156]}, {"iname": "img_80.jpg", "bbox": [262, 20, 145, 233]}, {"iname": "img_80.jpg", "bbox": [74, 20, 190, 267]}, {"iname": "img_80.jpg", "bbox": [178, 112, 180, 281]}, {"iname": "img_81.jpg", "bbox": [211, 41, 72, 88]}, {"iname": "img_81.jpg", "bbox": [212, 258, 76, 104]}, {"iname": "img_81.jpg", "bbox": [56, 258, 61, 74]}, {"iname": "img_81.jpg", "bbox": [57, 27, 37, 50]}, {"iname": "img_82.jpg", "bbox": [244, 55, 88, 132]}, {"iname": "img_83.jpg", "bbox": [86, 22, 58, 79]}, {"iname": "img_84.jpg", "bbox": [245, 44, 70, 77]}, {"iname": "img_84.jpg", "bbox": [85, 23, 75, 99]}, {"iname": "img_85.jpg", "bbox": [103, 30, 56, 88]}, {"iname": "img_85.jpg", "bbox": [241, 123, 39, 81]}, {"iname": "img_86.jpg", "bbox": [67, 40, 67, 98]}, {"iname": "img_86.jpg", "bbox": [151, 76, 69, 88]}, {"iname": "img_87.jpg", "bbox": [15, 1, 84, 98]}, {"iname": "img_87.jpg", "bbox": [359, 87, 50, 68]}, {"iname": "img_88.jpg", "bbox": [65, 85, 212, 311]}, {"iname": "img_88.jpg", "bbox": [173, 231, 219, 312]}, {"iname": "img_88.jpg", "bbox": [729, 982, 217, 312]}, {"iname": "img_89.jpg", "bbox": [112, 230, 115, 160]}, {"iname": "img_9.jpg", "bbox": [218, 93, 65, 91]}, {"iname": "img_9.jpg", "bbox": [344, 72, 69, 87]}, {"iname": "img_9.jpg", "bbox": [24, 42, 81, 96]}, {"iname": "img_9.jpg", "bbox": [123, 79, 60, 72]}, {"iname": "img_9.jpg", "bbox": [286, 95, 41, 57]}, {"iname": "img_90.jpg", "bbox": [112, 43, 102, 149]}, {"iname": "img_91.jpg", "bbox": [142, 33, 75, 107]}, {"iname": "img_92.jpg", "bbox": [308, 104, 58, 86]}, {"iname": "img_92.jpg", "bbox": [121, 35, 74, 96]}, {"iname": "img_92.jpg", "bbox": [167, 94, 67, 80]}, {"iname": "img_92.jpg", "bbox": [417, 145, 27, 41]}, {"iname": "img_93.jpg", "bbox": [31, 63, 106, 141]}, {"iname": "img_93.jpg", "bbox": [236, 50, 101, 130]}, {"iname": "img_94.jpg", "bbox": [83, 128, 81, 105]}, {"iname": "img_95.jpg", "bbox": [223, 86, 83, 125]}, {"iname": "img_95.jpg", "bbox": [45, 66, 109, 154]}, {"iname": "img_95.jpg", "bbox": [306, 164, 53, 67]}, {"iname": "img_96.jpg", "bbox": [93, 57, 131, 190]}, {"iname": "img_96.jpg", "bbox": [0, 89, 60, 100]}, {"iname": "img_97.jpg", "bbox": [70, 64, 141, 177]}, {"iname": "img_98.jpg", "bbox": [47, 45, 105, 158]}, {"iname": "img_99.jpg", "bbox": [43, 51, 161, 210]}, {"iname": "img_99.jpg", "bbox": [266, 64, 135, 209]}]